<ELECTRICITYBILL customerno=""
xmlns:xsi="http://www.w3.org/2001/XMLSchema-instance"
xsi:noNamespaceSchemaLocation="161415_MODULE1_2_xml.xsd">
<number>1001</number>
  <name>seema joshi</name>
  <billto>
  <consumerno>1001</consumerno>
    <name>seema joshi</name>
    <emailid>seema.joshi@gmail.com</emailid>
    <unitconnsumed>250</unitconnsumed>
    
  </billto>
  <details>
  <BILLNO>101</BILLNO>
  <CONSUMERNO> 1001</CONSUMERNO>
  <BILLAMOUNT> 440.45</BILLAMOUNT>
  <BILLPAIDDATE>25-May-2017</BILLPAIDDATE>
  
  </details>
</ELECTRICITYBILL>
